Leslie Odom Jr,
Lin Manuel Miranda,
Scarlett Johanson,
Benedict Cumberbatch,
Robert Downey Jr.,
Tom Hanks,
Tom Cruise,
Gal Gadot,
Kate Upton,
Anne Hathaway,
Alec Baldwin,
J. Cole,
Camila Cabello,
David Beckham,
Drew Barrymore,
Emily Blunt,
Gisele Bundchen,
Halle Berry,
Justin Beiber,
Meryl Streep,
Jack Black,
Joe Biden,
Donald Trump,
Mike Pence,
Kamala Harris,
Kobe Bryant,
Michael Jordan,
Lebron James,
Kevin Durant,
Stephen Curry,
Nancy Pelosi,
Mitch McConell,
Elon Musk,
Bill Gates,
Warren Bufffet,
Jeff Bezos,
Neil Patrick Harris,
Jennifer Aniston,
David Schwimmer,
Matt Leblanc,
Courtney Cox,
Jennifer Lawrence,
Jennifer Lopez,
Shakira,
Kendrick Lamar,
Kanye West,
Kim Kardashian,
Drake,
Ted Cruz,
Andrew Cuomo,
Eric Adams,
Ed Sheeren,
Post Malone,
The Weeknd,
Bruno Mars,
Travis Scott,
Leonardo DiCaprio,
Will Smith,
Dave Chappelle,
Jimmy Fallon,
Jimmy Kimmel,
Chris Rock,
Kevin Hart,
Dwayne Johnson (The Rock),
Morgan Freeman,
Bruce Willis,
Al Pacino,
Chris Pratt,
Bill Nye ,
James Cordon,
Khloe Kardashian,
Kylie Jenner,
Caitlyn Jenner,
Kris Jenner,
Kendall Jenner,
Mitt Romney,
Barack Obama,
Angelina Jolie,
Brad Pitt,
Matt Damon,
Peyton Manning,
Eli Manning,
Doja Cat,
Megan thee Stallion,
Cardi B,
Megan Markle,
Madison Beer,
Matthew Perry,
Steve Irwin,
Derek Jeter,
Mark Wahlberg,
Steve Harvey,
George Lucas,
Frank Sinatra,
Sacha Baron Cohen,
Bill Cosby,
Chris Bumstead (Cbum),
Oprah Winfrey,
Dr. Phil,
Channing Tatum,
Keanu Reaves,
Daniel Radcliffe,
Arnold Schwarzanegger,
Jim Carrey,
Emma Watson,
Chris Evans,
Sylvester Stalone,
Steven Spielberg,
Harrison Ford,
Natalie Portman,
Jackie Chan,
Adam Sandler,
Bradley Cooper,
Lady Gaga,
Samuel L. Jackson,
Ben Stiller,
Megan Fox,
Robin Williams,
Margot Robbie,
Jeff Probst,
Christian Bale,
Bruce Lee,
Logan paul,
Jake Paul,
Mike Tyson,
Muhhamed Ali,
Ben Affleck,
Emma Stone,
Chris Hemsworth,
Tina Fey,
Tom Holland,
Elizabeth Olsen,
John Stamos,
Bob Saget,
Mary-Kate Olsen,
Ashley Olsen,
Lori Loughlin,
Mike Krzyzewski (Coach K),
Nick Kroll,
Seth MacFarlane,
Mila Kunis,
Christiano Ronaldo,
Lionel Messi,
Wayne Gretzky,
Emmanuel Macron,
Vladamir Putin,
Volodymyr Zelenskyy,
Boris Johnson,
Bibi Netanyahu,
Jack Ma,
Naftali Bennett,
Taylor Swift,
Carly Rae Jepsen,
Dababy,
Adele,
Billie Eilish,
Dua Lipa,
Ariana Grande,
Britney Spears,
Zendaya,
Nicki Minaj,
Rihanna,
Lil Nas X,
Charli D'amelio,
Addison Rae,
Demi Lovato,
Danny DeVito,
Selena Gomez,
Beyonce,
Jay-Z,
Snoop Dogg,
50 Cent,
Bernie Sanders,
Hilary Clinton,
Bill Clinton,
George W Bush,
George H. W Bush,
Elizabeth Warren,
Alexandria Ocasio-Cortez,
Andrew Yang,
Ilhan Omar,
Omer Adam,
Jon Ossoff,
Ellen DeGeneres,
Simon Cowell,
Will Ferell,
Eminem,
Roger Federer,
Rafael Nadal,
Howard Stern,
Heidi Klum,
Kelly Clarkson,
Gordon Ramsey,
Ryan Reynolds,
Tiger Woods,
J.K Rowling,
Marshmello,
Jerry Seinfeld,
David Copperfield,
David Blaine,
Alex Trebek,
Celine Dion,
Bruce Springsteen,
Johny Depp,
Amber Heard,
Madonna,
Shaquille O'Neal,
Elton John,
Katy Perry,
Prince,
Michael Jackson,
Justin Timberlake,
Dr. Dre,
Lenny Kravitz,
Paul McCartney,
Janet Jackson,
Adam Levine,
O.J. Simpson,
Harvey Weinstein,
Kevin Spacey,
B.o.B,
Pitbull,
Chris Martin,
Gwen Stefani,
Gwyneth Paltrow,
Miley Cyrus,
Giannis Antetokounmpo,
Elvis Presley,
Freddie Mercury,
Joseph Stalin,
Vladamir Lenin,
George Washington,
Nikola Tesla,
Ben Franklin,
John Adams,
Alexander Hamilton,
Adolf Hitler,
Marilyn Monroe,
John F Kennedy,
Malcom X,
Martin Luther King,
Rosa Parks,
Julius Caesar,
William Shakespear,
Sigmund Freud,
Galileo Galilei (Galileo is fine),
Abraham Lincoln,
Karl Marx,
Albert Einstein,
Isaac Newton,
Leonardo da Vinci,
Beethoven,
Gandhi,
Mozart,
Pablo Picasso,
Walt Disney,
Thomas Edison,
Greta Thunberg,
Amy Coney Barrett,
Brett Cavanaugh,
Clarence Thomas,
Dixie D'Amelio,
Jackson Pollack,
Mackenzie Scott/Bezos,
Millie Bobby Brown,
Michael Bloomberg,
Mark Zuckerberg,
Mark Cuban,
Babe Ruth,
Ben Shapiro,
Tucker Carlson,
Ted Bundy,
Whitney Houston,
Kim Jong Un,
Neil Armstrong,
Osama Bin Laden,
Mariah Carey,
Steve Jobs,
Bob Marley,
Olivia Rodrigo,
Naomi Osaka,
Serena Williams,
Venus Williams,
Betty White,
Chadwick Boseman,
Jared Leto,
Robert De Niro,
Julia Roberts,
Pablo Escobar,
Al Capone,
Jeffrey Dahmer,
Jordan Belfort,
Bernie Madoff,
Ashton Kutcher,
Carole Baskin,
Joe Rogan,
John Cena,
Floyd Mayweather,
Magnus Carlsen,
Malala Yousafzai (Malala is fine),
Heath Ledger,
Tyler Blevins (Ninja),
Usher,
Jason Derulo,
Pewdiepie,
Jimmy Donaldson (Mr. Beast),
Chris Brown,
Gigi Hadid,
Pete Davidson,
Stephen Colbert,
David Letterman,
Trevor Noah,
John Oliver,
Billy Joel,
Anna Kendrick,
Juice Wrld,
Rebel Wilson,
Ben Platt,
Amy Schumer,
Coco Chanel,
Blake Lively,
James Madison,
"Erwin ""Magic"" Johnson",
Larry Bird,
Calvin Harris,
Novack Djokovic,
Joe Montana,
Jerry Rice,
Michelle Obama,
Queen Elizabeth,
Prince Harry,
Whoopi Goldberg,
Jordan Peele,
Donald Trump Jr.,
Ivanka Trump,
Lindsay Lohan,
Melania Trump,
Carrie Underwood,
Lizzo,
Reese Witherspoon,
Katie Ledecky,
Patrick Mahomes,
Stacy Abrams,
Hilary Duff,
Lana Del Ray,
R. Kelly,
Kareem Abdul Jabaar,
Pope Francis,
Stan Lee,
John Legend,
Chrissy Teigan,
Larry David,
DJ Khaled,
Donald Glover (Childish Gambino),
Michael B. Jordan,
Candace Owens,
Harriet Tubman,
Frederick Douglass,
Helen Keller,
Matt Franco,
Rob Gronkowski,
Tim Cook,
Timothée Chalamet,
Alexander Graham Bell,
Playboi Carti,
Dolly Parton,
Toni Morrison ,
Ruth Bader Ginsburg ,
Thurgood Marshall,
Dr. Anthony Fauci,
Tim Burton,
Martin Scorsese,
Sydney Sweeney,
Harry Styles,
Ralph Lauren,
Iggy Azalea,
Billy Ray Cyrus,
Madelyn Cline,
Steve Carell,
Zac Efron,
Andrew Garfield,
Ellie Goulding,
Jake Gyllenhaal,
Hugh Jackman,
Alicia Keys,
John Krasinki,
Larry King,
Avril Lavine,
Conan O'Brien,
Alex Rodriguez,
Dennis Rodman,
Mark Ruffalo,
Seth Rogan,
Blake Shelton,
Travis Scott,
Uma Thurman,
Muhammad Ali,
Harry Houdini,
Conor McGregor,
André the Giant,
André 3000,
Sommer Ray,
Pop Smoke,
Lil Wayne,
Joe Exotic (Tiger King),
Dream,
Mark Rober,
Saquon Barkley,
Hugh Hefner,
Lauryn Hill,
Vitalik Buterin (Vitalik is fine),
J.J Watt,
Demaryius Thomas,
Jonah Hill,
Ava Max,
Avicii,
Kevin O'Leary (Mr. Wonderful),
Jack Dorsey,
Shel Silverstein ,
Michael Bublé,
Dave Portnoy,
David Dobrik,
Noah Schnapp,
Harriet Beecher Stowe,
Michael Cera,
Chuck Norris,
Adin Ross,
Lil Uzi Vert,
Tupac Shakur,
Biggie,
Bruce Lee,
Jackie Chan,
F Scott Fitzgerald,
Bill DeBlasio,
Mac Miller,
Ray J,
Pink,
Zoe Kravitz,
Mel B,
Michael Strahan,
Joe Namath,
Lawrence Taylor,
Stevie Nicks,
Yao Ming,
Charlie Puth,
Tony Hawk,
Zach King,
Jason Bateman,
Lewis Hamilton,
John Wilkes Booth,
Rosa Parks,
KSI,
Chris Christie,
Lou Gehrig,
Jesus,
John Lennon,
Mick Jagger,
Frida Kahlo,
Roald Dahl,
Wilt Chamberlain,
Emma Chamberlain,
Mickey Mantle,
Susan B. Anthony,
Christopher Colombus,
Sean Kingston,
Richard Nixon,
Grover Cleveland,
Franklin D. Rosevelt,
Tiki Barber,
Eddie Murphy,
Roddy Ricch,
Amelia Earhart,
Golda Meir,
Arnold Palmer,
Lindsey Vonn,
Pharrell Williams,
James Charles,
Audrey Hepburn,
Michelangelo,
Lebron James Jr. (Bronny James),
Bella Poarch,
Bob Ross,
Jimi Hendrix,
Jackie Robinson,
Future,
The Kid Laroi,
XXXTentacion,
Howie Mandel,
Kate Bush,
Morgan Wallen,
Ian Dior,
Luke Combs,
Lil Baby,
Kodak Black,
Flo Rida,
Liam Payne,
Zayn Malik (Zayn is fine),
David Guetta,
Sia,
A Boogie Wit da Hoodie,
Jerry West,
Oscar Wilde,
Jim Brown,
Chris Paul,
George Foreman,
Ronnie 2k,
Sandra Bullock,
Andy Samberg,
Bill Hader,
Anthony Starr,
Andrew Tate,
Aaron Rodgers,
Big Ramy,
Ronnie Coleman,
Matt Forte,
Martin Luther,
Barbara Corcoran,
Louis Armstrong,
Lance Armstrong,
Barry Bonds,
Teddy Rosevelt,
Toby Maguire,
Rick Astley,
Ron DeSantis,
Dr. Oz,
Herschel Walker,
Chuck Schumer,
Mark Kelly,
John Fetterman,
Lyndon B. Johnson,
Kyrie Irving,
Jessica Alba,
Baby Keem,
Brent Faiyaz,
Stevie Wonder,
Marjorie Taylor Greene,
Tristan Tate,
Anya Taylor-Joy,
Sam Smith,
Trisha Paytas,
Kristen Bell,
Martha Pollack,
Ryan Lombardi,
Justin Verlander,
Aaron Judge,
Mattress Mack,
Peyton List,
Jenna Ortega,
Lil Huddy,
Speed,
Neymar,
Christian Pullisic (its called soccer),
Simone Biles,
Miranda Cosgrove,
John Madden,
RuPaul,
Hulk Hogan,
Terry Crews,
Fidel Castro,
Cleopatra,
Ke$ha,
Chase Crawford,
Cameron Diaz,
Paris Hilton,
Stephen A. Smith,
